Time,Day_of_week,Age_band_of_driver,Sex_of_driver,Educational_level,Vehicle_driver_relation,Driving_experience,Type_of_vehicle,Owner_of_vehicle,Lanes_or_Medians,Road_allignment,Types_of_Junction,Road_surface_type,Road_surface_conditions,Light_conditions,Weather_conditions,Type_of_collision,Number_of_vehicles_involved,Vehicle_movement,Pedestrian_movement,Cause_of_accident,Accident_severity
1,Tuesday,18-30,Male,High school,Employee,1-5 yr,Unknown,Owner,Two-way (divided with broken lines road marking),Tangent road with mild grade and flat terrain,O Shape,Asphalt,Wet or damp,Darkness - no lighting,Raining,Vehicle with vehicle collision,2,Going straight,Not a Pedestrian,No priority to vehicle,Slight Injury
0,Tuesday,18-30,Male,High school,Employee,1-5 yr,Auto,Owner,Two-way (divided with broken lines road marking),Tangent road with flat terrain,Y Shape,Asphalt,Wet or damp,Darkness - lights lit,Normal,Vehicle with vehicle collision,2,Going straight,Not a Pedestrian,No distancing,Slight Injury
0,Tuesday,31-50,Unknown,High school,Employee,5-10yr,Auto,Owner,Unknown,Tangent road with flat terrain,Y Shape,Asphalt,Wet or damp,Darkness - lights lit,Normal,Collision with roadside objects,2,Going straight,Not a Pedestrian,No priority to pedestrian,Slight Injury
0,Tuesday,31-50,Male,Illiterate,Employee,Unknown,Auto,Owner,Two way,Tangent road with flat terrain,Y Shape,Asphalt,Wet or damp,Darkness - lights lit,Normal,Collision with roadside objects,2,Going straight,Not a Pedestrian,No priority to pedestrian,Slight Injury
2,Saturday,Unknown,Female,High school,Employee,5-10yr,Auto,Owner,Two way,Tangent road with flat terrain,Y Shape,Asphalt,Wet or damp,Daylight,Normal,Vehicle with vehicle collision,2,Going straight,Pedestrian,No priority to vehicle,Slight Injury
2,Saturday,18-30,Male,High school,Employee,1-5 yr,Dry 2,Owner,Two-way (divided with broken lines road marking),Tangent road with flat terrain,Y Shape,Asphalt,Wet or damp,Daylight,Normal,Vehicle with vehicle collision,2,Going straight,Not a Pedestrian,Driving carelessly,Slight Injury
2,Saturday,18-30,Male,High school,Employee,1-5 yr,Unknown,Owner,Two-way (divided with broken lines road marking),Tangent road with flat terrain,Crossing,Asphalt,Wet or damp,Daylight,Raining,Vehicle with vehicle collision,3,Going straight,Not a Pedestrian,Changing lane,Slight Injury
2,Saturday,Over 51,Male,High school,Employee,Above 10yr,Dry 1,Owner,Unknown,Tangent road with flat terrain,Crossing,Asphalt,Wet or damp,Daylight,Raining,Vehicle with vehicle collision,3,Going straight,Not a Pedestrian,Changing lane,Slight Injury
2,Saturday,31-50,Male,High school,Owner,5-10yr,Dry 1,Owner,Two-way (divided with broken lines road marking),Tangent road with flat terrain,Crossing,Asphalt,Wet or damp,Daylight,Raining,Collision with roadside objects,3,Going straight,Not a Pedestrian,Moving Backward,Slight Injury
2,Monday,18-30,Female,High school,Employee,1-5 yr,Auto,Owner,Unknown,Tangent road with flat terrain,No junction,Asphalt,Dry,Daylight,Normal,Vehicle with vehicle collision,2,Turnover,Not a Pedestrian,Driving carelessly,Serious Injury
2,Monday,Over 51,Female,High school,Employee,Above 10yr,Dry 2,Owner,Two-way (divided with broken lines road marking),Tangent road with flat terrain,No junction,Asphalt,Dry,Daylight,Normal,Collision with roadside objects,2,Reversing,Not a Pedestrian,Driving to the left,Serious Injury
2,Friday,Unknown,Female,High school,Employee,1-5 yr,Auto,Owner,One way,Tangent road with flat terrain,No junction,Asphalt,Dry,Daylight,Normal,Collision with roadside objects,2,Moving Backward,Not a Pedestrian,Driving to the left,Slight Injury
2,Friday,18-30,Male,High school,Employee,1-5 yr,Public (13?45 seats),Owner,Two way,Tangent road with flat terrain,No junction,Asphalt,Dry,Daylight,Normal,Collision with pedestrians,2,Going straight,Not a Pedestrian,No priority to pedestrian,Slight Injury
2,Thursday,18-30,Male,High school,Employee,Above 10yr,Dry 2,Owner,One way,Tangent road with mild grade and flat terrain,Y Shape,Unknown,Wet or damp,Daylight,Raining,Vehicle with vehicle collision,2,Moving Backward,Not a Pedestrian,Changing lane,Slight Injury
2,Thursday,18-30,Male,High school,Employee,1-5 yr,Public (13?45 seats),Owner,Two way,Tangent road with flat terrain,Y Shape,Unknown,Wet or damp,Daylight,Raining,Collision with roadside objects,2,Going straight,Not a Pedestrian,Changing lane,Slight Injury
2,Thursday,31-50,Male,Unknown,Unknown,Unknown,Dry 2,Owner,Two-way (divided with broken lines road marking),Tangent road with flat terrain,Y Shape,Asphalt,Wet or damp,Daylight,Normal,Vehicle with vehicle collision,2,Going straight,Not a Pedestrian,No distancing,Slight Injury
2,Thursday,31-50,Male,Elementary school,Employee,1-5 yr,Dry 2,Owner,Two way,Tangent road with flat terrain,Y Shape,Asphalt,Wet or damp,Daylight,Normal,Vehicle with vehicle collision,2,Going straight,Not a Pedestrian,Getting off the vehicle improperly,Slight Injury
2,Thursday,18-30,Male,Elementary school,Employee,5-10yr,Dry 2,Owner,Unknown,Tangent road with flat terrain,No junction,Asphalt,Dry,Daylight,Normal,Vehicle with vehicle collision,2,Going straight,Not a Pedestrian,Driving under the influence of drugs,Slight Injury
2,Thursday,18-30,Male,Elementary school,Employee,5-10yr,Dry 1,Owner,Two way,Tangent road with flat terrain,No junction,Asphalt,Dry,Daylight,Normal,Vehicle with vehicle collision,2,Unknown,Not a Pedestrian,Changing lane,Slight Injury
0,Thursday,18-30,Male,High school,Employee,1-5 yr,Dry 1,Governmental,Two-way (divided with broken lines road marking),Tangent road with flat terrain,Y Shape,Asphalt,Wet or damp,Darkness - lights lit,Raining,Vehicle with vehicle collision,1,Going straight,Not a Pedestrian,Driving carelessly,Slight Injury
1,Monday,18-30,Male,High school,Employee,5-10yr,Dry 2,Owner,Unknown,Tangent road with flat terrain,No junction,Asphalt,Wet or damp,Darkness - lights lit,Raining,Collision with roadside objects,2,Unknown,Not a Pedestrian,Moving Backward,Slight Injury
1,Monday,18-30,Male,High school,Employee,5-10yr,Dry 2,Owner,Unknown,Tangent road with flat terrain,No junction,Asphalt,Wet or damp,Darkness - lights lit,Raining,Vehicle with vehicle collision,2,Going straight,Not a Pedestrian,Turnover,Slight Injury
1,Monday,18-30,Unknown,High school,Employee,1-5 yr,Auto,Owner,Two-way (divided with broken lines road marking),Tangent road with flat terrain,No junction,Asphalt,Wet or damp,Darkness - lights lit,Raining,Collision with roadside objects,2,Moving Backward,Not a Pedestrian,Changing lane,Slight Injury
0,Sunday,31-50,Male,High school,Employee,1-5 yr,Unknown,Governmental,Two-way (divided with broken lines road marking),Tangent road with flat terrain,Crossing,Asphalt,Dry,Darkness - lights lit,Normal,Vehicle with vehicle collision,2,Going straight,Not a Pedestrian,Driving carelessly,Slight Injury
0,Sunday,18-30,Male,High school,Employee,5-10yr,Unknown,Owner,Two way,Tangent road with flat terrain,Crossing,Asphalt,Dry,Darkness - lights lit,Normal,Vehicle with vehicle collision,2,Going straight,Not a Pedestrian,No priority to vehicle,Slight Injury
0,Sunday,18-30,Male,High school,Employee,Below 1yr,Unknown,Governmental,Two-way (divided with broken lines road marking),Tangent road with flat terrain,Crossing,Asphalt,Dry,Darkness - lights lit,Normal,Vehicle with vehicle collision,2,Moving Backward,Not a Pedestrian,Moving Backward,Slight Injury
0,Sunday,18-30,Male,High school,Employee,5-10yr,Auto,Governmental,Two-way (divided with broken lines road marking),Tangent road with flat terrain,Crossing,Unknown,Dry,Darkness - lights lit,Normal,Collision with roadside objects,2,Going straight,Not a Pedestrian,Changing lane,Slight Injury
1,Friday,31-50,Male,High school,Owner,5-10yr,Dry 1,Owner,Two-way (divided with broken lines road marking),Tangent road with flat terrain,Crossing,Asphalt,Wet or damp,Darkness - lights lit,Raining,Collision with roadside objects,1,Turnover,Pedestrian,Overturning,Slight Injury
2,Thursday,31-50,Male,Unknown,Owner,5-10yr,Auto,Owner,Two way,Tangent road with flat terrain,Y Shape,Asphalt,Dry,Daylight,Normal,Vehicle with vehicle collision,2,Going straight,Not a Pedestrian,No distancing,Serious Injury
2,Thursday,Over 51,Male,High school,Employee,5-10yr,Public 1,Owner,Two way,Tangent road with flat terrain,Y Shape,Asphalt,Dry,Daylight,Normal,Vehicle with vehicle collision,2,Going straight,Not a Pedestrian,Driving carelessly,Serious Injury
2,Friday,Under 18,Male,High school,Employee,1-5 yr,Auto,Owner,Two way,Tangent road with flat terrain,Crossing,Asphalt,Dry,Daylight,Normal,Vehicle with vehicle collision,2,Unknown,Not a Pedestrian,No distancing,Slight Injury
2,Friday,18-30,Male,High school,Employee,5-10yr,Unknown,Governmental,Two way,Tangent road with flat terrain,Crossing,Asphalt,Dry,Daylight,Normal,Vehicle with vehicle collision,2,Going straight,Not a Pedestrian,Changing lane,Slight Injury
2,Monday,18-30,Male,High school,Employee,Above 10yr,Public 1,Owner,Two-way (divided with broken lines road marking),Tangent road with flat terrain,Y Shape,Asphalt,Wet or damp,Darkness - lights lit,Normal,Vehicle with vehicle collision,2,Going straight,Not a Pedestrian,No priority to pedestrian,Slight Injury
2,Monday,18-30,Unknown,High school,Employee,Below 1yr,Auto,Owner,Two way,Tangent road with mild grade and flat terrain,Y Shape,Asphalt,Wet or damp,Darkness - lights lit,Normal,Vehicle with vehicle collision,2,Going straight,Not a Pedestrian,No distancing,Slight Injury
1,Thursday,18-30,Male,Elementary school,Employee,5-10yr,Dry 2,Owner,Two-way (divided with broken lines road marking),Tangent road with flat terrain,Y Shape,Asphalt,Dry,Darkness - lights lit,Normal,Vehicle with vehicle collision,1,Going straight,Not a Pedestrian,No distancing,Slight Injury
2,Wednesday,18-30,Male,Elementary school,Employee,1-5 yr,Dry 2,Owner,Unknown,Tangent road with mild grade and flat terrain,Y Shape,Asphalt,Dry,Darkness - lights lit,Normal,Collision with roadside objects,1,Reversing,Not a Pedestrian,Changing lane,Slight Injury
1,Friday,31-50,Unknown,High school,Employee,1-5 yr,Auto,Owner,One way,Tangent road with flat terrain,Y Shape,Asphalt,Wet or damp,Darkness - lights lit,Raining,Collision with roadside objects,2,Moving Backward,Not a Pedestrian,Changing lane,Slight Injury
1,Friday,18-30,Male,High school,Employee,1-5 yr,Dry 2,Unknown,Two-way (divided with broken lines road marking),Tangent road with flat terrain,Y Shape,Asphalt,Wet or damp,Darkness - lights lit,Raining,Vehicle with vehicle collision,2,Going straight,Not a Pedestrian,No distancing,Slight Injury
0,Saturday,18-30,Male,High school,Employee,1-5 yr,Unknown,Owner,Unknown,Tangent road with flat terrain,Crossing,Unknown,Wet or damp,Darkness - lights lit,Raining,Vehicle with vehicle collision,2,Going straight,Not a Pedestrian,No distancing,Slight Injury
0,Saturday,Over 51,Male,High school,Employee,Above 10yr,Public 1,Owner,Two way,Tangent road with flat terrain,Crossing,Asphalt,Wet or damp,Darkness - lights lit,Raining,Vehicle with vehicle collision,2,Going straight,Not a Pedestrian,No distancing,Slight Injury
0,Saturday,Over 51,Male,High school,Employee,Below 1yr,Auto,Owner,Two-way (divided with broken lines road marking),Tangent road with flat terrain,Crossing,Asphalt,Wet or damp,Darkness - lights lit,Raining,Vehicle with vehicle collision,2,Going straight,Not a Pedestrian,Changing lane,Slight Injury
0,Tuesday,18-30,Male,High school,Employee,1-5 yr,Auto,Unknown,Two-way (divided with broken lines road marking),Tangent road with flat terrain,Crossing,Asphalt,Dry,Darkness - lights lit,Normal,Collision with pedestrians,2,Going straight,Not a Pedestrian,Changing lane,Slight Injury
0,Tuesday,18-30,Male,High school,Employee,Above 10yr,Auto,Owner,Two-way (divided with broken lines road marking),Tangent road with flat terrain,Crossing,Earth roads,Dry,Darkness - lights lit,Normal,Collision with pedestrians,2,Turnover,Not a Pedestrian,Moving Backward,Slight Injury
2,Thursday,31-50,Male,High school,Employee,Above 10yr,Dry 2,Owner,Two-way (divided with broken lines road marking),Tangent road with flat terrain,Y Shape,Asphalt,Wet or damp,Daylight,Normal,Vehicle with vehicle collision,1,Going straight,Not a Pedestrian,Changing lane,Slight Injury
2,Sunday,Under 18,Male,High school,Employee,5-10yr,Unknown,Governmental,Two-way (divided with broken lines road marking),Tangent road with flat terrain,No junction,Asphalt,Dry,Daylight,Normal,Vehicle with vehicle collision,1,Going straight,Not a Pedestrian,No distancing,Slight Injury
0,Friday,31-50,Male,High school,Employee,Above 10yr,Dry 1,Owner,Two way,Tangent road with flat terrain,Y Shape,Asphalt,Wet or damp,Darkness - no lighting,Normal,Vehicle with vehicle collision,2,Moving Backward,Not a Pedestrian,Overtaking,Serious Injury
0,Friday,31-50,Male,High school,Employee,1-5 yr,Unknown,Owner,Two way,Tangent road with flat terrain,Y Shape,Asphalt,Wet or damp,Darkness - no lighting,Normal,Vehicle with vehicle collision,2,Going straight,Not a Pedestrian,Unknown,Serious Injury
0,Friday,31-50,Male,High school,Employee,1-5 yr,Dry 2,Owner,Two way,Tangent road with flat terrain,Y Shape,Asphalt,Wet or damp,Darkness - no lighting,Normal,Vehicle with vehicle collision,2,Going straight,Not a Pedestrian,Unknown,Serious Injury
0,Sunday,Over 51,Male,Elementary school,Employee,1-5 yr,Auto,Owner,Two way,Tangent road with flat terrain,Crossing,Asphalt,Wet or damp,Darkness - lights lit,Normal,Vehicle with vehicle collision,2,Going straight,Not a Pedestrian,Changing lane,Serious Injury
0,Sunday,Under 18,Male,Elementary school,Unknown,5-10yr,Public (13?45 seats),Owner,Two way,Tangent road with flat terrain,Crossing,Asphalt,Wet or damp,Darkness - lights lit,Normal,Vehicle with vehicle collision,2,Unknown,Not a Pedestrian,No priority to pedestrian,Serious Injury
2,Monday,18-30,Male,High school,Employee,5-10yr,Auto,Owner,Two way,Tangent road with flat terrain,Y Shape,Asphalt,Dry,Daylight,Normal,Vehicle with vehicle collision,3,Going straight,Not a Pedestrian,No priority to vehicle,Slight Injury
2,Monday,31-50,Male,High school,Owner,5-10yr,Dry 2,Owner,Two way,Tangent road with flat terrain,Y Shape,Asphalt,Dry,Daylight,Normal,Vehicle with vehicle collision,3,Going straight,Not a Pedestrian,Changing lane,Slight Injury
2,Monday,18-30,Male,High school,Employee,Above 10yr,Public 1,Owner,Two way,Tangent road with flat terrain,Y Shape,Asphalt,Dry,Daylight,Normal,Vehicle with vehicle collision,3,Turnover,Not a Pedestrian,Changing lane,Slight Injury
3,Thursday,18-30,Male,High school,Employee,Below 1yr,Motorcycle,Governmental,Two-way (divided with broken lines road marking),Tangent road with flat terrain,Crossing,Asphalt,Wet or damp,Daylight,Unknown,Collision with roadside objects,2,Moving Backward,Not a Pedestrian,Overtaking,Slight Injury
3,Thursday,18-30,Male,High school,Unknown,Below 1yr,Public 1,Owner,Two way,Tangent road with flat terrain,Crossing,Asphalt,Wet or damp,Daylight,Unknown,Rollover,2,Going straight,Not a Pedestrian,No distancing,Slight Injury
3,Saturday,18-30,Male,High school,Employee,Above 10yr,Dry 2,Owner,Two way,Tangent road with flat terrain,Y Shape,Asphalt,Dry,Daylight,Normal,Vehicle with vehicle collision,1,Going straight,Not a Pedestrian,No priority to vehicle,Slight Injury
2,Friday,31-50,Male,High school,Owner,5-10yr,Auto,Owner,Two way,Tangent road with flat terrain,No junction,Asphalt,Dry,Daylight,Normal,Vehicle with vehicle collision,1,Going straight,Not a Pedestrian,Changing lane,Slight Injury
2,Wednesday,18-30,Male,Elementary school,Owner,5-10yr,Dry 2,Owner,Two-way (divided with broken lines road marking),Tangent road with flat terrain,Unknown,Asphalt,Wet or damp,Darkness - lights lit,Normal,Vehicle with vehicle collision,1,Reversing,Not a Pedestrian,Changing lane,Slight Injury
0,Thursday,18-30,Male,High school,Employee,1-5 yr,Auto,Owner,Two way,Tangent road with flat terrain,No junction,Asphalt,Wet or damp,Darkness - lights lit,Normal,Vehicle with vehicle collision,4,Going straight,Not a Pedestrian,No distancing,Slight Injury
0,Thursday,31-50,Male,High school,Employee,1-5 yr,Dry 1,Owner,Two-way (divided with broken lines road marking),Tangent road with flat terrain,No junction,Asphalt,Wet or damp,Darkness - lights lit,Normal,Vehicle with vehicle collision,4,Going straight,Not a Pedestrian,Driving carelessly,Slight Injury
0,Thursday,31-50,Male,High school,Owner,1-5 yr,Auto,Owner,Two-way (divided with broken lines road marking),Tangent road with flat terrain,No junction,Asphalt,Wet or damp,Darkness - lights lit,Normal,Collision with roadside objects,4,Parked,Not a Pedestrian,Driving carelessly,Slight Injury
2,Monday,18-30,Male,Unknown,Unknown,Unknown,Unknown,Unknown,Two-way (divided with broken lines road marking),Tangent road with flat terrain,Y Shape,Asphalt,Dry,Daylight,Normal,Vehicle with vehicle collision,4,Going straight,Unknown,Moving Backward,Slight Injury
2,Monday,18-30,Male,High school,Employee,1-5 yr,Unknown,Organization,Two-way (divided with broken lines road marking),Tangent road with flat terrain,Y Shape,Asphalt,Dry,Daylight,Normal,Collision with roadside objects,4,Going straight,Not a Pedestrian,No distancing,Slight Injury
2,Monday,18-30,Male,High school,Employee,5-10yr,Auto,Owner,Unknown,Tangent road with flat terrain,Y Shape,Asphalt,Dry,Daylight,Normal,Vehicle with vehicle collision,4,Unknown,Not a Pedestrian,No distancing,Slight Injury
2,Monday,31-50,Female,High school,Employee,1-5 yr,Public (13?45 seats),Owner,Unknown,Steep grade downward with mountainous terrain,Y Shape,Asphalt,Dry,Daylight,Normal,Vehicle with vehicle collision,4,Going straight,Not a Pedestrian,No distancing,Slight Injury
2,Thursday,18-30,Male,Elementary school,Employee,1-5 yr,Public (13?45 seats),Owner,Two way,Tangent road with flat terrain,Y Shape,Asphalt,Wet or damp,Darkness - lights lit,Cloudy,Vehicle with vehicle collision,3,Going straight,Not a Pedestrian,Changing lane,Slight Injury
2,Thursday,Over 51,Unknown,High school,Employee,Unknown,Auto,Owner,Two way,Tangent road with flat terrain,Y Shape,Asphalt,Wet or damp,Darkness - lights lit,Cloudy,Vehicle with vehicle collision,3,Stopping,Not a Pedestrian,Changing lane,Slight Injury
2,Thursday,31-50,Male,High school,Owner,1-5 yr,Public 1,Owner,Unknown,Tangent road with flat terrain,Y Shape,Asphalt,Wet or damp,Darkness - lights lit,Cloudy,Vehicle with vehicle collision,3,Going straight,Not a Pedestrian,Moving Backward,Slight Injury
0,Sunday,18-30,Male,High school,Employee,1-5 yr,Public 1,Owner,Two way,Tangent road with flat terrain,Unknown,Asphalt,Wet or damp,Darkness - lights lit,Raining,Vehicle with vehicle collision,2,Overtaking,Not a Pedestrian,Changing lane,Slight Injury
0,Sunday,31-50,Male,High school,Employee,1-5 yr,Dry 2,Owner,Two-way (divided with broken lines road marking),Tangent road with flat terrain,Unknown,Asphalt,Wet or damp,Darkness - lights lit,Raining,Collision with pedestrians,2,Going straight,Not a Pedestrian,No priority to vehicle,Slight Injury
2,Saturday,Unknown,Female,Elementary school,Employee,Above 10yr,Auto,Owner,Two-way (divided with broken lines road marking),Tangent road with flat terrain,Y Shape,Earth roads,Snow,Daylight,Snow,Vehicle with vehicle collision,3,Reversing,Not a Pedestrian,Moving Backward,Slight Injury
2,Saturday,Over 51,Male,High school,Employee,1-5 yr,Dry 1,Owner,Two-way (divided with broken lines road marking),Tangent road with flat terrain,Y Shape,Asphalt,Snow,Daylight,Snow,Collision with roadside objects,3,Going straight,Not a Pedestrian,Driving carelessly,Slight Injury
2,Saturday,31-50,Unknown,High school,Employee,1-5 yr,Dry 1,Owner,Two way,Tangent road with flat terrain,Y Shape,Asphalt,Snow,Daylight,Snow,Vehicle with vehicle collision,3,Going straight,Not a Pedestrian,Driving carelessly,Slight Injury
2,Saturday,31-50,Male,High school,Employee,1-5 yr,Dry 2,Owner,Two way,Tangent road with flat terrain,Y Shape,Asphalt,Snow,Daylight,Snow,Collision with roadside objects,3,Unknown,Not a Pedestrian,Driving under the influence of drugs,Slight Injury
2,Saturday,Over 51,Male,High school,Employee,1-5 yr,Auto,Governmental,Two way,Tangent road with flat terrain,Crossing,Asphalt,Snow,Daylight,Snow,Vehicle with vehicle collision,3,Going straight,Not a Pedestrian,No priority to pedestrian,Slight Injury
2,Saturday,Over 51,Male,Elementary school,Employee,1-5 yr,Auto,Owner,Two way,Tangent road with flat terrain,Crossing,Asphalt,Snow,Daylight,Snow,Vehicle with vehicle collision,3,Moving Backward,Not a Pedestrian,No priority to vehicle,Slight Injury
2,Saturday,18-30,Male,High school,Employee,1-5 yr,Motorcycle,Owner,Two way,Tangent road with flat terrain,Crossing,Asphalt,Snow,Daylight,Snow,Collision with pedestrians,3,Going straight,Not a Pedestrian,Driving carelessly,Slight Injury
2,Saturday,18-30,Male,Elementary school,Employee,5-10yr,Unknown,Owner,Two way,Tangent road with flat terrain,Crossing,Asphalt,Snow,Daylight,Snow,Vehicle with vehicle collision,3,Moving Backward,Not a Pedestrian,Moving Backward,Slight Injury
3,Friday,31-50,Male,Elementary school,Employee,1-5 yr,Unknown,Owner,One way,Unknown,No junction,Asphalt,Wet or damp,Daylight,Snow,Vehicle with vehicle collision,2,Going straight,Not a Pedestrian,Driving carelessly,Slight Injury
3,Friday,31-50,Male,High school,Employee,Above 10yr,Auto,Owner,One way,Tangent road with flat terrain,No junction,Gravel roads,Wet or damp,Daylight,Snow,Vehicle with vehicle collision,2,Going straight,Not a Pedestrian,No priority to vehicle,Slight Injury
1,Sunday,18-30,Male,High school,Employee,Above 10yr,Auto,Owner,Two way,Tangent road with flat terrain,No junction,Asphalt,Dry,Darkness - no lighting,Snow,Vehicle with vehicle collision,2,Unknown,Not a Pedestrian,Changing lane,Slight Injury
1,Sunday,31-50,Male,High school,Employee,Above 10yr,Unknown,Governmental,Two-way (divided with broken lines road marking),Tangent road with flat terrain,No junction,Asphalt,Dry,Darkness - no lighting,Snow,Collision with pedestrians,2,Going straight,Pedestrian,Changing lane,Slight Injury
1,Sunday,Over 51,Male,High school,Employee,5-10yr,Public (> 45 seats),Governmental,Two way,Tangent road with flat terrain,No junction,Asphalt,Wet or damp,Darkness - lights lit,Normal,Vehicle with vehicle collision,2,Going straight,Pedestrian,No priority to vehicle,Slight Injury
1,Sunday,Over 51,Male,High school,Owner,1-5 yr,Auto,Owner,Unknown,Tangent road with flat terrain,No junction,Asphalt,Wet or damp,Darkness - lights lit,Normal,Vehicle with vehicle collision,2,Going straight,Not a Pedestrian,Driving carelessly,Slight Injury
1,Sunday,Over 51,Male,High school,Employee,1-5 yr,Auto,Owner,Two-way (divided with broken lines road marking),Tangent road with flat terrain,No junction,Asphalt,Wet or damp,Darkness - lights lit,Normal,Vehicle with vehicle collision,2,Going straight,Pedestrian,No distancing,Slight Injury
1,Sunday,Over 51,Male,High school,Employee,5-10yr,Unknown,Owner,Two way,Tangent road with flat terrain,No junction,Asphalt,Wet or damp,Darkness - lights lit,Normal,Collision with roadside objects,2,Going straight,Not a Pedestrian,Changing lane,Slight Injury
1,Sunday,31-50,Male,Unknown,Unknown,Unknown,Dry 2,Owner,Two way,Tangent road with flat terrain,No junction,Asphalt,Wet or damp,Darkness - lights lit,Normal,Vehicle with vehicle collision,2,Going straight,Not a Pedestrian,Changing lane,Slight Injury
2,Wednesday,Over 51,Unknown,Elementary school,Owner,5-10yr,Dry 1,Owner,Two way,Tangent road with flat terrain,Crossing,Asphalt,Snow,Daylight,Normal,Vehicle with vehicle collision,4,Reversing,Not a Pedestrian,No distancing,Slight Injury
2,Wednesday,18-30,Male,High school,Unknown,Above 10yr,Public (13?45 seats),Owner,Two way,Tangent road with flat terrain,Crossing,Asphalt,Snow,Daylight,Normal,Vehicle with vehicle collision,4,Getting off,Not a Pedestrian,Changing lane,Slight Injury
2,Wednesday,Unknown,Female,High school,Employee,Above 10yr,Auto,Owner,Two way,Tangent road with flat terrain,Crossing,Asphalt,Snow,Daylight,Normal,Vehicle with vehicle collision,4,Going straight,Not a Pedestrian,Driving carelessly,Slight Injury
2,Wednesday,Unknown,Female,High school,Employee,1-5 yr,Dry 1,Unknown,Unknown,Tangent road with flat terrain,Crossing,Asphalt,Snow,Daylight,Normal,Collision with roadside objects,4,Getting off,Not a Pedestrian,Changing lane,Slight Injury
2,Sunday,Under 18,Male,High school,Owner,Unknown,Auto,Owner,Unknown,Tangent road with flat terrain,No junction,Asphalt,Wet or damp,Daylight,Snow,Vehicle with vehicle collision,2,Going straight,Not a Pedestrian,No distancing,Slight Injury
2,Sunday,18-30,Male,High school,Employee,1-5 yr,Dry 2,Owner,Two way,Tangent road with flat terrain,No junction,Asphalt,Wet or damp,Daylight,Snow,Vehicle with vehicle collision,2,Going straight,Not a Pedestrian,Changing lane,Slight Injury
3,Friday,18-30,Male,High school,Employee,5-10yr,Auto,Owner,Unknown,Tangent road with flat terrain,Y Shape,Asphalt,Dry,Darkness - lights lit,Normal,Vehicle with vehicle collision,2,Going straight,Not a Pedestrian,No distancing,Slight Injury
3,Friday,18-30,Male,High school,Employee,1-5 yr,Dry 2,Owner,One way,Steep grade downward with mountainous terrain,Y Shape,Asphalt,Dry,Darkness - lights lit,Normal,Vehicle with vehicle collision,2,Going straight,Not a Pedestrian,Driving to the left,Slight Injury
2,Thursday,31-50,Male,High school,Employee,Above 10yr,Dry 2,Owner,One way,Tangent road with flat terrain,No junction,Asphalt,Dry,Daylight,Normal,Vehicle with vehicle collision,1,Going straight,Pedestrian,No distancing,Slight Injury
1,Friday,Over 51,Male,Elementary school,Employee,5-10yr,Dry 2,Owner,Two way,Tangent road with flat terrain,Y Shape,Asphalt,Wet or damp,Darkness - lights lit,Cloudy,Vehicle with vehicle collision,2,Going straight,Not a Pedestrian,Overtaking,Slight Injury
1,Friday,31-50,Male,High school,Employee,5-10yr,Public (13?45 seats),Governmental,One way,Tangent road with flat terrain,Y Shape,Asphalt,Wet or damp,Darkness - lights lit,Cloudy,Vehicle with vehicle collision,2,Going straight,Not a Pedestrian,Driving under the influence of drugs,Slight Injury
1,Friday,31-50,Male,High school,Employee,1-5 yr,Auto,Governmental,Unknown,Steep grade downward with mountainous terrain,Y Shape,Asphalt,Wet or damp,Darkness - lights lit,Cloudy,Vehicle with vehicle collision,2,Going straight,Not a Pedestrian,No priority to pedestrian,Slight Injury
0,Thursday,Over 51,Male,Elementary school,Employee,Above 10yr,Unknown,Organization,Unknown,Tangent road with flat terrain,Y Shape,Earth roads,Snow,Darkness - lights lit,Unknown,Vehicle with vehicle collision,2,Going straight,Not a Pedestrian,Moving Backward,Slight Injury
0,Thursday,Over 51,Male,Elementary school,Employee,5-10yr,Unknown,Owner,Two way,Tangent road with flat terrain,Y Shape,Asphalt,Snow,Darkness - lights lit,Unknown,Vehicle with vehicle collision,2,Moving Backward,Not a Pedestrian,Changing lane,Slight Injury
0,Thursday,31-50,Male,Elementary school,Employee,1-5 yr,Unknown,Owner,Two way,Tangent road with flat terrain,Y Shape,Asphalt,Snow,Darkness - lights lit,Unknown,Vehicle with vehicle collision,2,Going straight,Not a Pedestrian,Changing lane,Slight Injury
2,Friday,18-30,Male,Elementary school,Employee,1-5 yr,Auto,Owner,Two-way (divided with broken lines road marking),Tangent road with flat terrain,Y Shape,Asphalt,Dry,Daylight,Normal,Collision with roadside objects,1,Going straight,Not a Pedestrian,Changing lane,Slight Injury
2,Sunday,31-50,Male,High school,Employee,5-10yr,Unknown,Owner,Two way,Tangent road with flat terrain,Y Shape,Asphalt,Dry,Daylight,Normal,Collision with roadside objects,2,Going straight,Not a Pedestrian,Driving under the influence of drugs,Slight Injury
2,Sunday,18-30,Unknown,High school,Employee,1-5 yr,Dry 2,Owner,Two way,Tangent road with flat terrain,Y Shape,Asphalt,Dry,Daylight,Normal,Collision with roadside objects,2,Going straight,Not a Pedestrian,No priority to vehicle,Slight Injury
3,Tuesday,18-30,Male,High school,Employee,5-10yr,Public 1,Owner,Two-way (divided with broken lines road marking),Tangent road with flat terrain,Y Shape,Asphalt,Wet or damp,Darkness - lights lit,Normal,Collision with pedestrians,1,Going straight,Not a Pedestrian,No priority to vehicle,Slight Injury