Time,Day_of_week,Age_band_of_driver,Sex_of_driver,Educational_level,Vehicle_driver_relation,Driving_experience,Type_of_vehicle,Owner_of_vehicle,Lanes_or_Medians,Road_allignment,Types_of_Junction,Road_surface_type,Road_surface_conditions,Light_conditions,Weather_conditions,Type_of_collision,Number_of_vehicles_involved,Vehicle_movement,Pedestrian_movement,Cause_of_accident,Accident_severity
2,Friday,31-50,Male,High school,Employee,5-10yr,Auto,Owner,One way,Tangent road with flat terrain,No junction,Asphalt,Wet or damp,Daylight,Raining,Unknown,2,Unknown,Not a Pedestrian,Changing lane,Slight Injury
2,Friday,31-50,Male,Elementary school,Employee,5-10yr,Auto,Owner,Two way,Tangent road with flat terrain,No junction,Asphalt,Wet or damp,Daylight,Raining,Vehicle with vehicle collision,2,Reversing,Pedestrian,No distancing,Slight Injury
0,Monday,Over 51,Male,High school,Employee,Above 10yr,Auto,Owner,Two-way (divided with broken lines road marking),Tangent road with flat terrain,Crossing,Asphalt,Dry,Darkness - lights lit,Normal,Vehicle with vehicle collision,2,Going straight,Pedestrian,No priority to vehicle,Slight Injury
0,Monday,18-30,Male,High school,Employee,1-5 yr,Bajaj,Governmental,Unknown,Tangent road with flat terrain,Crossing,Asphalt,Dry,Darkness - lights lit,Normal,Collision with roadside objects,2,Going straight,Not a Pedestrian,Changing lane,Slight Injury
0,Monday,18-30,Male,High school,Employee,Below 1yr,Public 1,Owner,Unknown,Tangent road with flat terrain,Crossing,Asphalt,Dry,Darkness - lights lit,Normal,Collision with roadside objects,2,Going straight,Not a Pedestrian,No distancing,Slight Injury
2,Monday,31-50,Male,Elementary school,Employee,Above 10yr,Dry 1,Owner,Two-way (divided with broken lines road marking),Tangent road with flat terrain,Y Shape,Asphalt,Dry,Daylight,Normal,Vehicle with vehicle collision,1,Going straight,Pedestrian,No distancing,Slight Injury
0,Tuesday,18-30,Male,High school,Owner,1-5 yr,Unknown,Owner,Unknown,Tangent road with flat terrain,Y Shape,Unknown,Dry,Darkness - lights lit,Normal,Vehicle with vehicle collision,2,Turnover,Not a Pedestrian,Getting off the vehicle improperly,Slight Injury
0,Tuesday,18-30,Male,High school,Employee,1-5 yr,Unknown,Owner,Two-way (divided with broken lines road marking),Tangent road with flat terrain,Y Shape,Unknown,Dry,Darkness - lights lit,Normal,Vehicle with vehicle collision,2,Going straight,Not a Pedestrian,No priority to pedestrian,Slight Injury
2,Tuesday,31-50,Male,Unknown,Employee,5-10yr,Auto,Owner,Two way,Tangent road with flat terrain,Y Shape,Asphalt,Dry,Daylight,Normal,Vehicle with vehicle collision,1,Going straight,Not a Pedestrian,Changing lane,Slight Injury
2,Wednesday,31-50,Male,High school,Owner,1-5 yr,Dry 1,Owner,Two-way (divided with broken lines road marking),Tangent road with flat terrain,Y Shape,Asphalt,Dry,Daylight,Normal,Vehicle with vehicle collision,1,Going straight,Not a Pedestrian,No distancing,Slight Injury
0,Thursday,31-50,Male,High school,Employee,1-5 yr,Dry 1,Owner,Two way,Tangent road with flat terrain,Unknown,Asphalt,Dry,Darkness - lights lit,Normal,Vehicle with vehicle collision,2,Going straight,Not a Pedestrian,No distancing,Slight Injury
0,Sunday,18-30,Male,Elementary school,Employee,1-5 yr,Dry 1,Owner,Two way,Tangent road with flat terrain,Y Shape,Asphalt,Dry,Darkness - lights lit,Normal,Collision with roadside objects,1,Moving Backward,Not a Pedestrian,Changing lane,Slight Injury
2,Friday,Over 51,Male,High school,Employee,1-5 yr,Auto,Owner,Two-way (divided with broken lines road marking),Tangent road with flat terrain,Y Shape,Unknown,Dry,Daylight,Normal,Collision with pedestrians,2,Going straight,Not a Pedestrian,Overtaking,Slight Injury
2,Friday,31-50,Male,High school,Employee,5-10yr,Unknown,Owner,Two way,Tangent road with flat terrain,Y Shape,Asphalt,Dry,Daylight,Normal,Vehicle with vehicle collision,2,Going straight,Not a Pedestrian,Driving carelessly,Slight Injury
2,Friday,18-30,Male,Unknown,Unknown,Unknown,Unknown,Unknown,Two way,Tangent road with flat terrain,Crossing,Asphalt,Wet or damp,Daylight,Windy,Vehicle with vehicle collision,1,Turnover,Not a Pedestrian,Moving Backward,Slight Injury
1,Sunday,Unknown,Male,High school,Employee,5-10yr,Dry 1,Governmental,Two-way (divided with broken lines road marking),Tangent road with mild grade and flat terrain,No junction,Asphalt,Dry,Darkness - lights lit,Normal,Vehicle with vehicle collision,1,Going straight,Not a Pedestrian,No distancing,Slight Injury
2,Monday,Unknown,Male,Elementary school,Owner,5-10yr,Unknown,Owner,Two-way (divided with broken lines road marking),Tangent road with flat terrain,Crossing,Asphalt,Dry,Daylight,Normal,Vehicle with vehicle collision,2,Going straight,Not a Pedestrian,Overtaking,Slight Injury
2,Monday,Under 18,Male,High school,Owner,5-10yr,Dry 2,Owner,One way,Tangent road with flat terrain,Crossing,Asphalt,Dry,Daylight,Normal,Vehicle with vehicle collision,2,Going straight,Not a Pedestrian,Driving carelessly,Slight Injury
2,Monday,31-50,Male,High school,Employee,5-10yr,Unknown,Owner,Two-way (divided with broken lines road marking),Tangent road with mild grade and flat terrain,Y Shape,Asphalt,Dry,Darkness - lights lit,Normal,Vehicle with vehicle collision,2,Going straight,Not a Pedestrian,Moving Backward,Slight Injury
2,Monday,18-30,Male,High school,Owner,1-5 yr,Dry 2,Owner,Two-way (divided with broken lines road marking),Tangent road with flat terrain,Y Shape,Asphalt,Dry,Darkness - lights lit,Normal,Collision with roadside objects,2,Going straight,Not a Pedestrian,Driving carelessly,Slight Injury
0,Thursday,Unknown,Female,High school,Employee,1-5 yr,Auto,Owner,Two-way (divided with broken lines road marking),Tangent road with flat terrain,No junction,Asphalt,Dry,Darkness - lights lit,Normal,Rollover,2,Moving Backward,Not a Pedestrian,Driving to the left,Slight Injury
0,Thursday,31-50,Male,High school,Owner,5-10yr,Dry 1,Owner,Two-way (divided with broken lines road marking),Tangent road with flat terrain,No junction,Asphalt,Dry,Darkness - lights lit,Normal,Vehicle with vehicle collision,2,Going straight,Not a Pedestrian,Changing lane,Slight Injury
0,Monday,31-50,Male,High school,Owner,Above 10yr,Dry 2,Owner,Two-way (divided with broken lines road marking),Tangent road with flat terrain,Y Shape,Asphalt,Dry,Darkness - lights lit,Normal,Collision with pedestrians,2,Going straight,Not a Pedestrian,No distancing,Slight Injury
0,Monday,Unknown,Male,High school,Employee,5-10yr,Public (13?45 seats),Owner,Two way,Tangent road with flat terrain,Y Shape,Asphalt,Dry,Darkness - lights lit,Normal,Vehicle with vehicle collision,2,Going straight,Not a Pedestrian,No distancing,Slight Injury
1,Wednesday,18-30,Male,High school,Owner,1-5 yr,Dry 2,Owner,Two way,Tangent road with flat terrain,Y Shape,Asphalt,Wet or damp,Darkness - lights lit,Unknown,Vehicle with vehicle collision,2,Going straight,Not a Pedestrian,Changing lane,Slight Injury
1,Wednesday,18-30,Male,High school,Employee,5-10yr,Auto,Owner,Two-way (divided with broken lines road marking),Tangent road with flat terrain,Y Shape,Asphalt,Wet or damp,Darkness - lights lit,Unknown,Collision with pedestrians,2,Moving Backward,Not a Pedestrian,Driving under the influence of drugs,Slight Injury
0,Wednesday,31-50,Male,Elementary school,Employee,1-5 yr,Auto,Owner,Two-way (divided with broken lines road marking),Tangent road with mild grade and flat terrain,Y Shape,Asphalt,Wet or damp,Darkness - lights lit,Normal,Collision with pedestrians,1,Going straight,Pedestrian,Changing lane,Slight Injury
3,Friday,18-30,Male,Elementary school,Employee,5-10yr,Unknown,Owner,Two way,Tangent road with flat terrain,No junction,Asphalt,Dry,Daylight,Normal,Vehicle with vehicle collision,2,Unknown,Unknown,Changing lane,Slight Injury
3,Friday,Unknown,Male,High school,Employee,1-5 yr,Unknown,Owner,Two-way (divided with broken lines road marking),Tangent road with flat terrain,No junction,Gravel roads,Dry,Daylight,Normal,Vehicle with vehicle collision,2,Unknown,Not a Pedestrian,Moving Backward,Slight Injury
0,Tuesday,18-30,Male,High school,Employee,5-10yr,Dry 2,Owner,Two-way (divided with broken lines road marking),Tangent road with flat terrain,Crossing,Asphalt,Dry,Darkness - lights lit,Normal,Vehicle with vehicle collision,2,Going straight,Not a Pedestrian,No distancing,Slight Injury
0,Tuesday,Unknown,Male,Unknown,Unknown,Unknown,Public 1,Owner,Unknown,Tangent road with flat terrain,Crossing,Asphalt,Dry,Darkness - lights lit,Normal,Vehicle with vehicle collision,2,Going straight,Not a Pedestrian,Changing lane,Slight Injury
2,Thursday,31-50,Male,Elementary school,Employee,Below 1yr,Unknown,Owner,Two way,Tangent road with flat terrain,Y Shape,Asphalt,Dry,Daylight,Normal,Collision with roadside objects,1,Going straight,Not a Pedestrian,No distancing,Slight Injury
3,Tuesday,31-50,Male,High school,Employee,1-5 yr,Unknown,Owner,Two way,Tangent road with mountainous terrain and,Crossing,Asphalt,Wet or damp,Darkness - lights lit,Raining,Vehicle with vehicle collision,2,Unknown,Not a Pedestrian,Driving to the left,Slight Injury
1,Monday,Unknown,Male,High school,Owner,5-10yr,Public 1,Owner,Two-way (divided with broken lines road marking),Tangent road with flat terrain,Y Shape,Asphalt,Wet or damp,Darkness - lights lit,Normal,Vehicle with vehicle collision,1,Getting off,Not a Pedestrian,Moving Backward,Slight Injury
1,Thursday,Unknown,Female,High school,Employee,1-5 yr,Dry 2,Owner,One way,Tangent road with flat terrain,Crossing,Asphalt,Dry,Darkness - lights lit,Normal,Vehicle with vehicle collision,2,Going straight,Not a Pedestrian,Moving Backward,Slight Injury
1,Thursday,18-30,Male,High school,Employee,1-5 yr,Unknown,Owner,Two way,Tangent road with flat terrain,Crossing,Asphalt,Dry,Darkness - lights lit,Normal,Vehicle with vehicle collision,2,Going straight,Not a Pedestrian,Overtaking,Slight Injury
2,Sunday,Unknown,Female,High school,Employee,1-5 yr,Public 1,Governmental,Two-way (divided with broken lines road marking),Tangent road with flat terrain,Y Shape,Asphalt,Dry,Daylight,Normal,Vehicle with vehicle collision,1,Going straight,Not a Pedestrian,Driving carelessly,Slight Injury
2,Saturday,31-50,Male,High school,Employee,Above 10yr,Unknown,Owner,Two way,Tangent road with flat terrain,Y Shape,Asphalt,Dry,Darkness - lights lit,Normal,Vehicle with vehicle collision,2,Going straight,Not a Pedestrian,Changing lane,Slight Injury
2,Saturday,31-50,Male,High school,Employee,1-5 yr,Dry 1,Owner,Two way,Tangent road with flat terrain,Y Shape,Asphalt,Dry,Darkness - lights lit,Normal,Vehicle with vehicle collision,2,Going straight,Not a Pedestrian,Driving under the influence of drugs,Slight Injury
2,Saturday,Unknown,Male,High school,Employee,1-5 yr,Unknown,Owner,Two-way (divided with broken lines road marking),Tangent road with flat terrain,No junction,Asphalt,Dry,Daylight,Normal,Vehicle with vehicle collision,1,Going straight,Not a Pedestrian,No distancing,Slight Injury
1,Saturday,31-50,Male,High school,Employee,1-5 yr,Unknown,Owner,Unknown,Steep grade downward with mountainous terrain,Y Shape,Asphalt,Dry,Darkness - no lighting,Normal,Vehicle with vehicle collision,2,Moving Backward,Not a Pedestrian,Moving Backward,Slight Injury
1,Saturday,31-50,Male,High school,Employee,5-10yr,Unknown,Owner,Unknown,Tangent road with flat terrain,Y Shape,Asphalt,Dry,Darkness - no lighting,Normal,Vehicle with vehicle collision,2,Going straight,Not a Pedestrian,Changing lane,Slight Injury
2,Friday,Over 51,Male,High school,Employee,1-5 yr,Dry 1,Owner,Two-way (divided with broken lines road marking),Tangent road with flat terrain,Y Shape,Asphalt,Dry,Daylight,Normal,Vehicle with vehicle collision,2,Unknown,Not a Pedestrian,Changing lane,Slight Injury
2,Friday,18-30,Male,Elementary school,Employee,1-5 yr,Auto,Owner,Unknown,Tangent road with flat terrain,Y Shape,Asphalt,Dry,Daylight,Normal,Vehicle with vehicle collision,2,Going straight,Not a Pedestrian,No distancing,Slight Injury
2,Thursday,Unknown,Male,High school,Employee,1-5 yr,Unknown,Owner,Two-way (divided with broken lines road marking),Tangent road with flat terrain,Y Shape,Asphalt,Dry,Daylight,Normal,Vehicle with vehicle collision,2,Going straight,Not a Pedestrian,Driving at high speed,Slight Injury
2,Thursday,18-30,Male,High school,Employee,Above 10yr,Dry 2,Organization,Two-way (divided with broken lines road marking),Tangent road with mountainous terrain and,Y Shape,Asphalt,Dry,Daylight,Normal,Vehicle with vehicle collision,2,Going straight,Not a Pedestrian,Changing lane,Slight Injury
0,Monday,Unknown,Male,High school,Employee,Below 1yr,Public (13?45 seats),Owner,Two-way (divided with broken lines road marking),Tangent road with flat terrain,No junction,Asphalt,Dry,Darkness - lights lit,Normal,Collision with roadside objects,2,Going straight,Not a Pedestrian,No priority to vehicle,Slight Injury
0,Monday,18-30,Male,High school,Employee,Above 10yr,Auto,Owner,Two way,Tangent road with flat terrain,No junction,Asphalt,Dry,Darkness - lights lit,Normal,Vehicle with vehicle collision,2,Unknown,Not a Pedestrian,No distancing,Slight Injury
1,Tuesday,31-50,Male,Elementary school,Owner,5-10yr,Dry 1,Owner,Two-way (divided with broken lines road marking),Tangent road with flat terrain,Crossing,Asphalt,Dry,Darkness - lights lit,Normal,Vehicle with vehicle collision,2,Moving Backward,Not a Pedestrian,Turnover,Slight Injury
1,Tuesday,18-30,Male,Elementary school,Employee,Above 10yr,Dry 2,Owner,Two-way (divided with broken lines road marking),Tangent road with flat terrain,Crossing,Asphalt,Dry,Darkness - lights lit,Normal,Vehicle with vehicle collision,2,Unknown,Not a Pedestrian,No distancing,Slight Injury
1,Friday,Under 18,Male,High school,Employee,1-5 yr,Public 1,Owner,Two way,Tangent road with flat terrain,Crossing,Asphalt,Dry,Darkness - lights lit,Normal,Vehicle with vehicle collision,2,Going straight,Not a Pedestrian,Changing lane,Slight Injury
1,Friday,Unknown,Male,Unknown,Unknown,Unknown,Unknown,Owner,Two way,Tangent road with flat terrain,Crossing,Earth roads,Dry,Darkness - lights lit,Normal,Collision with pedestrians,2,Going straight,Not a Pedestrian,No distancing,Slight Injury
1,Thursday,31-50,Male,High school,Owner,5-10yr,Dry 2,Owner,Two-way (divided with broken lines road marking),Tangent road with flat terrain,Crossing,Asphalt,Dry,Darkness - no lighting,Normal,Vehicle with vehicle collision,2,Unknown,Not a Pedestrian,Changing lane,Slight Injury
1,Thursday,31-50,Male,Elementary school,Employee,1-5 yr,Dry 1,Owner,Two-way (divided with broken lines road marking),Tangent road with flat terrain,Crossing,Unknown,Dry,Darkness - no lighting,Normal,Vehicle with vehicle collision,2,Going straight,Not a Pedestrian,Driving carelessly,Slight Injury
0,Sunday,Over 51,Male,Unknown,Unknown,Unknown,Unknown,Owner,Unknown,Tangent road with flat terrain,Crossing,Unknown,Wet or damp,Darkness - lights lit,Raining,Vehicle with vehicle collision,2,Going straight,Not a Pedestrian,Changing lane,Slight Injury
0,Sunday,18-30,Male,Unknown,Unknown,Unknown,Dry 2,Owner,Two way,Tangent road with flat terrain,Crossing,Asphalt,Wet or damp,Darkness - lights lit,Raining,Vehicle with vehicle collision,2,Going straight,Not a Pedestrian,No priority to vehicle,Slight Injury
1,Friday,31-50,Male,High school,Owner,1-5 yr,Two way,Owner,Unknown,Unknown,No junction,Earth roads,Dry,Darkness - lights lit,Normal,Vehicle with vehicle collision,2,Going straight,Unknown,No distancing,Serious Injury
1,Friday,31-50,Male,High school,Employee,1-5 yr,Auto,Governmental,Unknown,Tangent road with mild grade and flat terrain,No junction,Asphalt,Dry,Darkness - lights lit,Normal,Vehicle with vehicle collision,2,Going straight,Not a Pedestrian,No priority to pedestrian,Serious Injury
1,Saturday,31-50,Male,High school,Employee,1-5 yr,Auto,Owner,Unknown,Tangent road with flat terrain,Y Shape,Asphalt,Wet or damp,Darkness - lights lit,Unknown,Vehicle with vehicle collision,1,Going straight,Not a Pedestrian,No priority to pedestrian,Slight Injury
3,Sunday,31-50,Male,High school,Employee,Above 10yr,Auto,Unknown,Unknown,Unknown,Crossing,Earth roads,Wet or damp,Daylight,Normal,Vehicle with vehicle collision,1,Going straight,Not a Pedestrian,No priority to vehicle,Slight Injury
3,Tuesday,18-30,Male,High school,Employee,1-5 yr,Unknown,Owner,Two way,Tangent road with flat terrain,Crossing,Asphalt,Dry,Daylight,Normal,Collision with pedestrians,2,Unknown,Not a Pedestrian,Changing lane,Slight Injury
3,Tuesday,Unknown,Male,High school,Owner,Above 10yr,Dry 2,Governmental,Unknown,Tangent road with flat terrain,Crossing,Asphalt,Dry,Daylight,Normal,Vehicle with vehicle collision,2,Going straight,Not a Pedestrian,Changing lane,Slight Injury
2,Monday,18-30,Male,High school,Employee,Above 10yr,Dry 2,Owner,Unknown,Tangent road with flat terrain,Y Shape,Asphalt,Wet or damp,Darkness - lights lit,Raining,Vehicle with vehicle collision,2,Going straight,Not a Pedestrian,No distancing,Slight Injury
2,Monday,31-50,Male,High school,Employee,1-5 yr,Dry 2,Owner,Two way,Tangent road with flat terrain,Y Shape,Asphalt,Wet or damp,Darkness - lights lit,Raining,Vehicle with vehicle collision,2,Going straight,Not a Pedestrian,No priority to vehicle,Slight Injury
3,Tuesday,31-50,Male,High school,Employee,1-5 yr,Auto,Owner,Unknown,Tangent road with flat terrain,Crossing,Asphalt,Dry,Daylight,Normal,Vehicle with vehicle collision,1,Going straight,Not a Pedestrian,No distancing,Slight Injury
2,Tuesday,Over 51,Male,High school,Employee,1-5 yr,Public 1,Owner,Two way,Tangent road with flat terrain,Crossing,Asphalt,Dry,Daylight,Normal,Collision with roadside objects,1,Going straight,Not a Pedestrian,No distancing,Slight Injury
1,Thursday,31-50,Male,High school,Employee,1-5 yr,Auto,Owner,Two way,Escarpments,Unknown,Asphalt,Dry,Darkness - lights lit,Normal,Vehicle with vehicle collision,2,Going straight,Not a Pedestrian,Changing lane,Slight Injury
1,Thursday,18-30,Male,High school,Employee,1-5 yr,Public 1,Owner,Unknown,Tangent road with flat terrain,Unknown,Asphalt,Dry,Darkness - lights lit,Normal,Vehicle with vehicle collision,2,Moving Backward,Not a Pedestrian,Changing lane,Slight Injury
1,Thursday,31-50,Male,High school,Employee,5-10yr,Auto,Owner,One way,Tangent road with flat terrain,Crossing,Asphalt,Wet or damp,Darkness - lights lit,Raining,Vehicle with vehicle collision,2,Going straight,Not a Pedestrian,Overturning,Slight Injury
1,Thursday,31-50,Male,High school,Employee,1-5 yr,Dry 2,Owner,Two way,Tangent road with flat terrain,Y Shape,Asphalt,Wet or damp,Darkness - lights lit,Raining,Vehicle with vehicle collision,1,Going straight,Not a Pedestrian,No priority to vehicle,Slight Injury
1,Friday,31-50,Male,Elementary school,Unknown,5-10yr,Dry 2,Owner,Unknown,Tangent road with flat terrain,Y Shape,Asphalt,Dry,Darkness - lights lit,Normal,Vehicle with vehicle collision,2,Going straight,Not a Pedestrian,Moving Backward,Slight Injury
1,Friday,31-50,Male,High school,Employee,1-5 yr,Dry 1,Owner,Unknown,Tangent road with flat terrain,Y Shape,Asphalt,Dry,Darkness - lights lit,Normal,Vehicle with vehicle collision,2,Going straight,Not a Pedestrian,Driving under the influence of drugs,Slight Injury
1,Sunday,Unknown,Male,Elementary school,Employee,5-10yr,Unknown,Owner,One way,Tangent road with flat terrain,Crossing,Asphalt,Dry,Darkness - lights lit,Normal,Collision with roadside objects,3,Going straight,Not a Pedestrian,Moving Backward,Slight Injury
1,Sunday,Over 51,Male,High school,Employee,Above 10yr,Auto,Owner,One way,Tangent road with flat terrain,Crossing,Asphalt,Dry,Darkness - lights lit,Normal,Vehicle with vehicle collision,3,Going straight,Not a Pedestrian,Changing lane,Slight Injury
1,Sunday,Over 51,Male,High school,Employee,Above 10yr,Auto,Owner,Two way,Tangent road with flat terrain,Crossing,Asphalt,Dry,Darkness - lights lit,Normal,Vehicle with vehicle collision,3,Going straight,Not a Pedestrian,Driving at high speed,Slight Injury
1,Sunday,Over 51,Male,Elementary school,Owner,1-5 yr,Dry 1,Owner,Unknown,Tangent road with flat terrain,Crossing,Asphalt,Dry,Darkness - lights lit,Normal,Vehicle with vehicle collision,3,Going straight,Not a Pedestrian,Driving under the influence of drugs,Slight Injury
1,Sunday,Over 51,Male,Elementary school,Employee,5-10yr,Bajaj,Owner,Two way,Tangent road with flat terrain,Crossing,Asphalt,Dry,Darkness - lights lit,Normal,Vehicle with vehicle collision,3,Going straight,Not a Pedestrian,Driving carelessly,Slight Injury
1,Sunday,Unknown,Female,High school,Owner,1-5 yr,Auto,Unknown,Unknown,Unknown,Crossing,Asphalt,Dry,Darkness - lights lit,Normal,Rollover,3,Going straight,Not a Pedestrian,No distancing,Slight Injury
2,Saturday,31-50,Male,Elementary school,Employee,Above 10yr,Dry 2,Owner,Unknown,Tangent road with rolling terrain,Y Shape,Asphalt,Dry,Daylight,Normal,Vehicle with vehicle collision,2,Going straight,Unknown,No priority to vehicle,Slight Injury
2,Saturday,18-30,Male,High school,Employee,1-5 yr,Dry 1,Owner,Two way,Tangent road with flat terrain,No junction,Asphalt,Dry,Darkness - lights lit,Normal,Collision with roadside objects,2,Going straight,Not a Pedestrian,Driving under the influence of drugs,Slight Injury
2,Saturday,Unknown,Male,Elementary school,Employee,Above 10yr,Auto,Unknown,Unknown,Tangent road with flat terrain,No junction,Asphalt,Dry,Darkness - lights lit,Normal,Vehicle with vehicle collision,2,Going straight,Not a Pedestrian,Changing lane,Slight Injury
2,Sunday,18-30,Male,High school,Employee,1-5 yr,Unknown,Owner,Unknown,Tangent road with flat terrain,No junction,Asphalt,Dry,Daylight,Normal,Vehicle with vehicle collision,2,Going straight,Not a Pedestrian,Changing lane,Slight Injury
2,Sunday,31-50,Male,Elementary school,Employee,Above 10yr,Auto,Owner,Two way,Tangent road with flat terrain,No junction,Asphalt,Dry,Daylight,Normal,Vehicle with vehicle collision,2,Going straight,Not a Pedestrian,Changing lane,Slight Injury
1,Sunday,Over 51,Male,High school,Employee,Above 10yr,Public (13?45 seats),Governmental,Two way,Tangent road with flat terrain,Crossing,Asphalt,Wet or damp,Darkness - lights unlit,Raining,Collision with roadside objects,2,Going straight,Not a Pedestrian,Changing lane,Slight Injury
1,Sunday,Under 18,Male,High school,Employee,1-5 yr,Public 1,Owner,Two way,Tangent road with flat terrain,Crossing,Asphalt,Wet or damp,Darkness - lights unlit,Raining,Collision with roadside objects,2,Going straight,Not a Pedestrian,Moving Backward,Slight Injury
0,Monday,18-30,Male,High school,Employee,Above 10yr,Unknown,Governmental,Unknown,Tangent road with flat terrain,Y Shape,Asphalt,Wet or damp,Darkness - lights lit,Windy,Vehicle with vehicle collision,2,Going straight,Not a Pedestrian,No distancing,Slight Injury
0,Monday,Unknown,Male,High school,Employee,Above 10yr,Auto,Owner,Two way,Gentle horizontal curve,Y Shape,Asphalt,Wet or damp,Darkness - lights lit,Windy,Vehicle with vehicle collision,2,Unknown,Not a Pedestrian,Driving at high speed,Slight Injury
1,Saturday,18-30,Male,High school,Employee,Below 1yr,Auto,Owner,Two way,Gentle horizontal curve,No junction,Asphalt,Dry,Darkness - lights lit,Normal,Collision with roadside objects,2,Going straight,Not a Pedestrian,No distancing,Slight Injury
1,Saturday,Unknown,Male,High school,Owner,Above 10yr,Public (13?45 seats),Owner,Two way,Tangent road with flat terrain,No junction,Asphalt,Dry,Darkness - lights lit,Normal,Collision with roadside objects,2,Going straight,Not a Pedestrian,Driving carelessly,Slight Injury
2,Tuesday,Over 51,Male,High school,Unknown,Above 10yr,Public (13?45 seats),Owner,Two way,Gentle horizontal curve,Y Shape,Asphalt,Wet or damp,Darkness - lights lit,Normal,Vehicle with vehicle collision,1,Going straight,Not a Pedestrian,No distancing,Slight Injury
3,Tuesday,31-50,Male,High school,Employee,5-10yr,Auto,Owner,Unknown,Tangent road with flat terrain,Y Shape,Gravel roads,Dry,Daylight,Normal,Vehicle with vehicle collision,2,Going straight,Not a Pedestrian,No distancing,Slight Injury
3,Tuesday,Unknown,Male,Elementary school,Unknown,Unknown,Unknown,Owner,Unknown,Tangent road with flat terrain,Y Shape,Asphalt,Dry,Daylight,Normal,Vehicle with vehicle collision,2,Going straight,Pedestrian,No distancing,Slight Injury
0,Wednesday,31-50,Male,High school,Employee,5-10yr,Dry 1,Owner,Unknown,Tangent road with flat terrain,Y Shape,Asphalt,Dry,Darkness - lights lit,Normal,Collision with roadside objects,1,Going straight,Not a Pedestrian,Changing lane,Slight Injury
1,Thursday,Unknown,Female,High school,Employee,5-10yr,Dry 2,Owner,Unknown,Tangent road with flat terrain,Y Shape,Asphalt,Dry,Darkness - lights lit,Normal,Vehicle with vehicle collision,1,Going straight,Not a Pedestrian,No distancing,Slight Injury
1,Friday,Under 18,Male,High school,Owner,Below 1yr,Auto,Owner,Two way,Tangent road with flat terrain,Crossing,Asphalt,Dry,Darkness - lights lit,Normal,Collision with roadside-parked vehicles,2,Going straight,Not a Pedestrian,No priority to vehicle,Slight Injury
1,Friday,Unknown,Male,High school,Employee,5-10yr,Auto,Owner,Two-way (divided with broken lines road marking),Tangent road with mountainous terrain and,Crossing,Asphalt,Dry,Darkness - lights lit,Normal,Vehicle with vehicle collision,2,Going straight,Not a Pedestrian,Changing lane,Slight Injury
2,Sunday,Under 18,Male,Elementary school,Employee,1-5 yr,Dry 2,Governmental,Two-way (divided with broken lines road marking),Escarpments,Crossing,Asphalt,Dry,Daylight,Normal,Collision with roadside objects,1,Moving Backward,Not a Pedestrian,Moving Backward,Slight Injury
2,Sunday,Under 18,Male,High school,Owner,1-5 yr,Unknown,Owner,Two way,Tangent road with mountainous terrain and,Crossing,Asphalt,Dry,Daylight,Normal,Vehicle with vehicle collision,1,Going straight,Not a Pedestrian,Driving carelessly,Slight Injury
1,Sunday,Under 18,Male,Elementary school,Employee,1-5 yr,Unknown,Owner,Two way,Tangent road with flat terrain,Y Shape,Asphalt,Dry,Darkness - lights lit,Normal,Vehicle with vehicle collision,2,Going straight,Not a Pedestrian,Changing lane,Slight Injury
1,Sunday,Unknown,Female,High school,Owner,1-5 yr,Auto,Owner,Two-way (divided with broken lines road marking),Tangent road with flat terrain,Y Shape,Asphalt,Dry,Darkness - lights lit,Normal,Vehicle with vehicle collision,2,Going straight,Not a Pedestrian,No priority to pedestrian,Slight Injury
0,Tuesday,Over 51,Male,High school,Employee,Above 10yr,Auto,Owner,Two-way (divided with broken lines road marking),Tangent road with flat terrain,Y Shape,Asphalt,Dry,Darkness - lights lit,Normal,Vehicle with vehicle collision,2,Going straight,Not a Pedestrian,No distancing,Slight Injury
0,Tuesday,Unknown,Male,High school,Employee,1-5 yr,Auto,Owner,Two way,Tangent road with mild grade and flat terrain,Y Shape,Asphalt,Dry,Darkness - lights lit,Normal,Vehicle with vehicle collision,2,Moving Backward,Not a Pedestrian,No distancing,Slight Injury
1,Saturday,Unknown,Male,High school,Employee,1-5 yr,Auto,Owner,Two-way (divided with broken lines road marking),Tangent road with flat terrain,Crossing,Asphalt,Dry,Darkness - lights lit,Normal,Collision with roadside-parked vehicles,4,Going straight,Not a Pedestrian,Overturning,Slight Injury
1,Saturday,18-30,Male,High school,Employee,1-5 yr,Dry 2,Governmental,Two way,Tangent road with flat terrain,Crossing,Asphalt,Dry,Darkness - lights lit,Normal,Collision with roadside-parked vehicles,4,Unknown,Not a Pedestrian,No distancing,Slight Injury
1,Saturday,18-30,Male,High school,Employee,1-5 yr,Unknown,Owner,Two way,Tangent road with mild grade and flat terrain,Crossing,Asphalt,Dry,Darkness - lights lit,Normal,Collision with animals,4,Unknown,Not a Pedestrian,Drunk driving,Slight Injury
2,Monday,Over 51,Male,High school,Employee,5-10yr,Auto,Owner,Two-way (divided with broken lines road marking),Tangent road with flat terrain,No junction,Asphalt,Dry,Daylight,Normal,Collision with animals,1,Going straight,Not a Pedestrian,No priority to pedestrian,Slight Injury