Time,Day_of_week,Age_band_of_driver,Sex_of_driver,Educational_level,Vehicle_driver_relation,Driving_experience,Type_of_vehicle,Owner_of_vehicle,Lanes_or_Medians,Road_allignment,Types_of_Junction,Road_surface_type,Road_surface_conditions,Light_conditions,Weather_conditions,Type_of_collision,Number_of_vehicles_involved,Vehicle_movement,Pedestrian_movement,Cause_of_accident,Accident_severity
3,Wednesday,Over 51,Male,High school,Unknown,Below 1yr,Auto,Owner,Two way,Tangent road with flat terrain,No junction,Asphalt,Dry,Darkness - lights lit,Normal,Vehicle with vehicle collision,2,Going straight,Not a Pedestrian,No priority to vehicle,Slight Injury
2,Friday,Over 51,Male,High school,Employee,5-10yr,Dry 1,Owner,Two way,Tangent road with flat terrain,No junction,Asphalt,Dry,Darkness - lights lit,Normal,Vehicle with vehicle collision,2,Unknown,Not a Pedestrian,Unknown,Slight Injury
2,Friday,Over 51,Male,Elementary school,Employee,1-5 yr,Dry 2,Owner,One way,Tangent road with flat terrain,No junction,Asphalt,Wet or damp,Darkness - lights lit,Windy,Vehicle with vehicle collision,1,Going straight,Not a Pedestrian,Unknown,Slight Injury
2,Friday,31-50,Male,High school,Employee,Above 10yr,Dry 2,Owner,Two-way (divided with broken lines road marking),Tangent road with flat terrain,No junction,Asphalt,Wet or damp,Daylight,Raining,Collision with roadside objects,2,Reversing,Not a Pedestrian,Moving Backward,Slight Injury
2,Thursday,31-50,Male,Elementary school,Owner,1-5 yr,Dry 2,Owner,Two way,Tangent road with flat terrain,Unknown,Asphalt,Wet or damp,Daylight,Raining,Vehicle with vehicle collision,2,Unknown,Not a Pedestrian,No distancing,Slight Injury
2,Thursday,31-50,Male,High school,Employee,5-10yr,Public (> 45 seats),Owner,Two-way (divided with broken lines road marking),Tangent road with flat terrain,Unknown,Asphalt,Dry,Darkness - lights lit,Normal,Collision with pedestrians,2,Going straight,Not a Pedestrian,Moving Backward,Slight Injury
2,Sunday,Under 18,Male,High school,Employee,Below 1yr,Public (> 45 seats),Owner,One way,Tangent road with flat terrain,No junction,Asphalt,Dry,Darkness - lights lit,Normal,Vehicle with vehicle collision,2,Going straight,Not a Pedestrian,No priority to vehicle,Slight Injury
2,Sunday,18-30,Male,High school,Employee,5-10yr,Auto,Owner,Two way,Tangent road with flat terrain,No junction,Asphalt,Wet or damp,Darkness - lights lit,Unknown,Collision with roadside objects,1,Going straight,Not a Pedestrian,Driving carelessly,Slight Injury
2,Sunday,31-50,Male,High school,Employee,Above 10yr,Auto,Owner,One way,Tangent road with flat terrain,No junction,Unknown,Wet or damp,Darkness - lights lit,Windy,Vehicle with vehicle collision,1,Going straight,Not a Pedestrian,No distancing,Slight Injury
2,Sunday,31-50,Male,High school,Employee,5-10yr,Auto,Owner,Two way,Tangent road with flat terrain,Y Shape,Asphalt,Wet or damp,Darkness - lights lit,Raining,Vehicle with vehicle collision,1,Going straight,Not a Pedestrian,Unknown,Slight Injury
2,Monday,Over 51,Male,Elementary school,Employee,1-5 yr,Unknown,Owner,Two way,Tangent road with flat terrain,Y Shape,Asphalt,Wet or damp,Darkness - lights lit,Raining,Vehicle with vehicle collision,2,Going straight,Not a Pedestrian,Changing lane,Serious Injury
1,Thursday,31-50,Male,High school,Employee,Unknown,Public 1,Owner,Two way,Tangent road with flat terrain,No junction,Asphalt,Wet or damp,Darkness - lights lit,Raining,Vehicle with vehicle collision,2,Unknown,Not a Pedestrian,No distancing,Serious Injury
1,Thursday,31-50,Male,High school,Employee,1-5 yr,Auto,Owner,Two-way (divided with broken lines road marking),Tangent road with flat terrain,No junction,Asphalt,Wet or damp,Daylight,Cloudy,Vehicle with vehicle collision,1,Going straight,Pedestrian,Driving carelessly,Slight Injury
0,Friday,31-50,Male,High school,Employee,1-5 yr,Auto,Owner,Two-way (divided with broken lines road marking),Tangent road with flat terrain,Y Shape,Asphalt,Wet or damp,Darkness - lights lit,Raining,Collision with roadside objects,2,Going straight,Not a Pedestrian,No priority to vehicle,Slight Injury
2,Tuesday,Over 51,Male,High school,Employee,5-10yr,Auto,Owner,Two way,Tangent road with flat terrain,Y Shape,Asphalt,Wet or damp,Darkness - lights lit,Normal,Vehicle with vehicle collision,1,Going straight,Not a Pedestrian,Changing lane,Slight Injury
2,Tuesday,31-50,Male,High school,Employee,1-5 yr,Auto,Owner,Two-way (divided with broken lines road marking),Tangent road with flat terrain,Y Shape,Asphalt,Wet or damp,Darkness - lights lit,Normal,Collision with roadside objects,1,Reversing,Not a Pedestrian,No priority to pedestrian,Slight Injury
3,Tuesday,18-30,Male,High school,Employee,1-5 yr,Unknown,Owner,Two-way (divided with broken lines road marking),Tangent road with flat terrain,No junction,Asphalt,Dry,Darkness - lights lit,Normal,Vehicle with vehicle collision,2,Going straight,Not a Pedestrian,Changing lane,Slight Injury
0,Tuesday,18-30,Male,High school,Employee,Above 10yr,Dry 2,Owner,Two way,Steep grade downward with mountainous terrain,No junction,Asphalt,Dry,Darkness - lights lit,Normal,Vehicle with vehicle collision,2,Going straight,Not a Pedestrian,Driving to the left,Slight Injury
0,Wednesday,Unknown,Male,High school,Employee,1-5 yr,Dry 1,Owner,Two way,Tangent road with flat terrain,No junction,Asphalt,Dry,Darkness - lights lit,Normal,Vehicle with vehicle collision,2,Going straight,Not a Pedestrian,Driving carelessly,Slight Injury
2,Thursday,31-50,Male,High school,Owner,1-5 yr,Unknown,Owner,Unknown,Tangent road with flat terrain,No junction,Asphalt,Dry,Darkness - lights lit,Normal,Collision with roadside objects,2,Going straight,Not a Pedestrian,Driving to the left,Slight Injury
2,Thursday,Over 51,Female,High school,Employee,No Licence,Auto,Owner,Two way,Tangent road with flat terrain,No junction,Asphalt,Wet or damp,Daylight,Normal,Vehicle with vehicle collision,1,Turnover,Not a Pedestrian,Driving carelessly,Slight Injury
0,Friday,31-50,Male,High school,Employee,1-5 yr,Dry 1,Owner,Two way,Tangent road with flat terrain,No junction,Asphalt,Dry,Darkness - lights lit,Normal,Collision with roadside objects,2,Going straight,Not a Pedestrian,No priority to pedestrian,Slight Injury
0,Friday,Unknown,Male,High school,Employee,5-10yr,Dry 2,Owner,Two way,Tangent road with flat terrain,No junction,Asphalt,Dry,Darkness - lights lit,Normal,Vehicle with vehicle collision,2,Going straight,Not a Pedestrian,Driving carelessly,Slight Injury
0,Tuesday,31-50,Male,High school,Employee,Above 10yr,Auto,Owner,Two way,Tangent road with flat terrain,No junction,Asphalt,Wet or damp,Darkness - lights lit,Raining,Vehicle with vehicle collision,3,Unknown,Not a Pedestrian,Moving Backward,Slight Injury
0,Tuesday,31-50,Male,High school,Owner,5-10yr,Auto,Owner,Two-way (divided with broken lines road marking),Tangent road with flat terrain,Crossing,Asphalt,Wet or damp,Darkness - lights lit,Raining,Vehicle with vehicle collision,3,Going straight,Not a Pedestrian,Driving carelessly,Slight Injury
0,Tuesday,31-50,Male,Elementary school,Employee,1-5 yr,Dry 1,Owner,Two way,Tangent road with flat terrain,Crossing,Asphalt,Wet or damp,Daylight,Normal,Vehicle with vehicle collision,2,Going straight,Not a Pedestrian,Changing lane,Serious Injury
2,Friday,18-30,Male,High school,Employee,Below 1yr,Dry 2,Owner,Unknown,Tangent road with flat terrain,No junction,Asphalt,Dry,Darkness - lights lit,Normal,Vehicle with vehicle collision,2,Reversing,Not a Pedestrian,Driving carelessly,Slight Injury
3,Wednesday,Over 51,Male,High school,Employee,1-5 yr,Public 1,Owner,Two way,Tangent road with flat terrain,Unknown,Asphalt,Dry,Darkness - lights lit,Normal,Vehicle with vehicle collision,2,Going straight,Pedestrian,Driving carelessly,Slight Injury
2,Tuesday,Under 18,Male,High school,Employee,1-5 yr,Unknown,Unknown,Two-way (divided with broken lines road marking),Tangent road with flat terrain,Unknown,Asphalt,Dry,Darkness - lights lit,Normal,Vehicle with vehicle collision,2,Going straight,Not a Pedestrian,Changing lane,Slight Injury
2,Monday,31-50,Male,Elementary school,Employee,5-10yr,Auto,Owner,Two way,Tangent road with flat terrain,Y Shape,Asphalt,Dry,Darkness - lights lit,Normal,Vehicle with vehicle collision,1,Moving Backward,Not a Pedestrian,Changing lane,Slight Injury
2,Monday,31-50,Male,High school,Employee,Above 10yr,Auto,Owner,Two way,Tangent road with flat terrain,Crossing,Asphalt,Wet or damp,Daylight,Raining,Vehicle with vehicle collision,2,Going straight,Not a Pedestrian,Driving carelessly,Slight Injury
3,Thursday,18-30,Male,Unknown,Unknown,Unknown,Auto,Owner,One way,Steep grade downward with mountainous terrain,Crossing,Asphalt,Wet or damp,Daylight,Raining,Rollover,2,Going straight,Not a Pedestrian,Overtaking,Slight Injury
3,Thursday,Over 51,Male,High school,Employee,1-5 yr,Dry 2,Owner,Two-way (divided with broken lines road marking),Tangent road with flat terrain,Unknown,Gravel roads,Wet or damp,Daylight,Raining,Collision with roadside objects,2,Going straight,Not a Pedestrian,Changing lane,Slight Injury
3,Thursday,Over 51,Male,High school,Employee,5-10yr,Auto,Owner,Two way,Tangent road with flat terrain,Unknown,Asphalt,Wet or damp,Daylight,Raining,Vehicle with vehicle collision,2,Going straight,Not a Pedestrian,No distancing,Slight Injury
1,Thursday,31-50,Male,High school,Employee,1-5 yr,Dry 2,Owner,Two-way (divided with broken lines road marking),Tangent road with flat terrain,Unknown,Asphalt,Wet or damp,Darkness - lights lit,Raining,Vehicle with vehicle collision,1,Going straight,Not a Pedestrian,Unknown,Serious Injury
3,Wednesday,Over 51,Male,Unknown,Unknown,Unknown,Public (> 45 seats),Owner,Unknown,Tangent road with flat terrain,Y Shape,Asphalt,Wet or damp,Darkness - lights lit,Raining,Collision with roadside objects,2,Going straight,Not a Pedestrian,Changing lane,Slight Injury
3,Wednesday,31-50,Male,Unknown,Employee,1-5 yr,Auto,Owner,Two way,Tangent road with flat terrain,Y Shape,Asphalt,Wet or damp,Darkness - lights lit,Raining,Vehicle with vehicle collision,2,Unknown,Not a Pedestrian,Changing lane,Slight Injury
2,Wednesday,Over 51,Male,High school,Employee,1-5 yr,Auto,Owner,One way,Tangent road with flat terrain,Y Shape,Asphalt,Wet or damp,Darkness - no lighting,Raining,Vehicle with vehicle collision,1,Going straight,Not a Pedestrian,Overtaking,Serious Injury
0,Thursday,Over 51,Male,High school,Employee,Above 10yr,Auto,Owner,Two way,Tangent road with flat terrain,Y Shape,Asphalt,Wet or damp,Darkness - lights lit,Raining,Vehicle with vehicle collision,1,Reversing,Not a Pedestrian,Unknown,Slight Injury
0,Thursday,Under 18,Male,High school,Employee,Below 1yr,Unknown,Owner,Two way,Tangent road with flat terrain,Y Shape,Asphalt,Dry,Darkness - lights lit,Normal,Rollover,2,Going straight,Not a Pedestrian,Driving to the left,Slight Injury
2,Saturday,31-50,Male,High school,Employee,1-5 yr,Dry 2,Owner,One way,Tangent road with flat terrain,Y Shape,Asphalt,Dry,Darkness - lights lit,Normal,Rollover,2,Going straight,Not a Pedestrian,Overtaking,Slight Injury
2,Saturday,18-30,Male,High school,Employee,Below 1yr,Dry 2,Owner,Two way,Tangent road with flat terrain,Y Shape,Asphalt,Wet or damp,Darkness - lights lit,Raining,Collision with pedestrians,1,Going straight,Not a Pedestrian,No priority to vehicle,Serious Injury
1,Saturday,Unknown,Male,High school,Employee,5-10yr,Auto,Owner,Two-way (divided with broken lines road marking),Tangent road with flat terrain,Y Shape,Asphalt,Wet or damp,Darkness - lights lit,Raining,Vehicle with vehicle collision,1,Going straight,Not a Pedestrian,Moving Backward,Serious Injury
0,Wednesday,Over 51,Male,High school,Employee,1-5 yr,Auto,Owner,Two-way (divided with broken lines road marking),Tangent road with flat terrain,No junction,Asphalt,Dry,Daylight,Normal,Vehicle with vehicle collision,2,Going straight,Not a Pedestrian,Unknown,Slight Injury
2,Saturday,18-30,Male,High school,Employee,Below 1yr,Public 1,Owner,Unknown,Tangent road with flat terrain,No junction,Asphalt,Dry,Daylight,Normal,Vehicle with vehicle collision,2,Going straight,Pedestrian,No priority to vehicle,Slight Injury
2,Saturday,Over 51,Male,Unknown,Unknown,Unknown,Public 1,Owner,Two way,Tangent road with flat terrain,Y Shape,Asphalt,Wet or damp,Darkness - lights lit,Normal,Collision with pedestrians,1,Unknown,Pedestrian,No priority to pedestrian,Slight Injury
2,Saturday,Over 51,Male,High school,Employee,Below 1yr,Public 1,Owner,Two way,Gentle horizontal curve,Y Shape,Asphalt,Dry,Daylight,Normal,Vehicle with vehicle collision,2,Unknown,Not a Pedestrian,Changing lane,Slight Injury
2,Sunday,Over 51,Male,Unknown,Unknown,Unknown,Public 1,Owner,Two way,Tangent road with flat terrain,Y Shape,Asphalt,Dry,Darkness - lights lit,Normal,Vehicle with vehicle collision,1,Going straight,Not a Pedestrian,Changing lane,Serious Injury
2,Sunday,31-50,Male,High school,Employee,1-5 yr,Dry 2,Organization,Two way,Tangent road with flat terrain,Y Shape,Asphalt,Dry,Daylight,Normal,Vehicle with vehicle collision,2,Going straight,Not a Pedestrian,Driving to the left,Slight Injury
2,Sunday,31-50,Male,High school,Employee,Above 10yr,Auto,Owner,Two-way (divided with broken lines road marking),Tangent road with flat terrain,No junction,Asphalt,Dry,Daylight,Normal,Collision with roadside objects,2,Going straight,Not a Pedestrian,Changing lane,Slight Injury
0,Tuesday,31-50,Male,High school,Employee,Above 10yr,Dry 2,Owner,Unknown,Tangent road with flat terrain,No junction,Asphalt,Dry,Daylight,Normal,Vehicle with vehicle collision,2,Unknown,Pedestrian,Moving Backward,Slight Injury
0,Tuesday,18-30,Male,High school,Employee,5-10yr,Unknown,Governmental,One way,Tangent road with flat terrain,Y Shape,Asphalt,Dry,Daylight,Normal,Collision with roadside objects,2,Going straight,Not a Pedestrian,Driving at high speed,Slight Injury
2,Wednesday,Over 51,Male,High school,Employee,1-5 yr,Auto,Owner,Two way,Tangent road with flat terrain,Y Shape,Asphalt,Dry,Daylight,Normal,Vehicle with vehicle collision,3,Unknown,Pedestrian,Moving Backward,Slight Injury
2,Wednesday,Over 51,Male,Unknown,Employee,Below 1yr,Auto,Owner,Unknown,Tangent road with flat terrain,No junction,Asphalt,Dry,Daylight,Normal,Vehicle with vehicle collision,3,Going straight,Not a Pedestrian,No distancing,Slight Injury
2,Wednesday,31-50,Male,High school,Employee,Below 1yr,Unknown,Owner,Two-way (divided with broken lines road marking),Gentle horizontal curve,No junction,Asphalt,Dry,Daylight,Normal,Collision with roadside objects,3,Going straight,Not a Pedestrian,Unknown,Slight Injury
2,Thursday,Over 51,Male,High school,Owner,1-5 yr,Auto,Owner,Two-way (divided with broken lines road marking),Tangent road with flat terrain,Y Shape,Asphalt,Dry,Daylight,Normal,Vehicle with vehicle collision,3,Going straight,Not a Pedestrian,Changing lane,Serious Injury
2,Monday,Unknown,Male,High school,Employee,5-10yr,Auto,Owner,Two-way (divided with broken lines road marking),Tangent road with flat terrain,Y Shape,Asphalt,Dry,Daylight,Normal,Collision with roadside objects,3,Moving Backward,Not a Pedestrian,Unknown,Serious Injury
2,Monday,18-30,Male,Elementary school,Owner,5-10yr,Unknown,Owner,Two way,Tangent road with flat terrain,Crossing,Asphalt,Wet or damp,Daylight,Windy,Vehicle with vehicle collision,3,Going straight,Pedestrian,Driving carelessly,Slight Injury
2,Wednesday,Under 18,Male,High school,Employee,5-10yr,Auto,Owner,Two-way (divided with broken lines road marking),Tangent road with flat terrain,No junction,Asphalt,Wet or damp,Daylight,Windy,Vehicle with vehicle collision,3,Turnover,Not a Pedestrian,Moving Backward,Slight Injury
2,Wednesday,31-50,Male,High school,Employee,5-10yr,Dry 2,Unknown,Two-way (divided with broken lines road marking),Tangent road with flat terrain,No junction,Asphalt,Dry,Daylight,Normal,Vehicle with vehicle collision,2,Going straight,Not a Pedestrian,No distancing,Slight Injury
0,Thursday,31-50,Male,High school,Employee,Above 10yr,Dry 2,Owner,Two way,Tangent road with flat terrain,No junction,Asphalt,Wet or damp,Daylight,Normal,Vehicle with vehicle collision,3,Going straight,Not a Pedestrian,No priority to pedestrian,Slight Injury
0,Friday,31-50,Male,High school,Unknown,1-5 yr,Auto,Owner,Two-way (divided with broken lines road marking),Tangent road with flat terrain,Y Shape,Asphalt,Wet or damp,Daylight,Normal,Vehicle with vehicle collision,3,Going straight,Not a Pedestrian,Changing lane,Slight Injury
0,Friday,18-30,Male,High school,Employee,1-5 yr,Auto,Owner,Two way,Tangent road with flat terrain,Y Shape,Asphalt,Wet or damp,Daylight,Normal,Vehicle with vehicle collision,3,Going straight,Not a Pedestrian,No distancing,Slight Injury
2,Friday,31-50,Male,High school,Employee,1-5 yr,Public (13?45 seats),Owner,Unknown,Tangent road with flat terrain,No junction,Asphalt,Wet or damp,Daylight,Normal,Vehicle with vehicle collision,3,Going straight,Not a Pedestrian,Unknown,Slight Injury
3,Wednesday,Over 51,Male,Elementary school,Employee,5-10yr,Dry 2,Unknown,Two way,Tangent road with flat terrain,No junction,Asphalt,Dry,Darkness - no lighting,Cloudy,Vehicle with vehicle collision,2,Going straight,Not a Pedestrian,No priority to pedestrian,Slight Injury
3,Wednesday,31-50,Male,High school,Employee,5-10yr,Dry 2,Owner,Two way,Tangent road with flat terrain,No junction,Asphalt,Dry,Darkness - no lighting,Cloudy,Vehicle with vehicle collision,2,Unknown,Not a Pedestrian,Moving Backward,Slight Injury
1,Monday,18-30,Female,High school,Employee,Above 10yr,Public 1,Owner,One way,Tangent road with flat terrain,No junction,Asphalt,Wet or damp,Darkness - lights lit,Normal,Vehicle with vehicle collision,2,Unknown,Not a Pedestrian,No priority to pedestrian,Slight Injury
1,Saturday,18-30,Male,High school,Owner,Above 10yr,Dry 2,Owner,Two way,Tangent road with flat terrain,No junction,Asphalt,Wet or damp,Daylight,Normal,Vehicle with vehicle collision,2,Going straight,Pedestrian,No priority to pedestrian,Slight Injury
1,Saturday,31-50,Male,High school,Employee,1-5 yr,Auto,Governmental,Two way,Tangent road with flat terrain,No junction,Asphalt,Wet or damp,Daylight,Normal,Vehicle with vehicle collision,2,Going straight,Not a Pedestrian,Driving carelessly,Slight Injury
0,Wednesday,31-50,Male,Elementary school,Unknown,5-10yr,Unknown,Owner,Two way,Tangent road with flat terrain,No junction,Asphalt,Dry,Daylight,Normal,Vehicle with vehicle collision,3,Going straight,Not a Pedestrian,Getting off the vehicle improperly,Serious Injury
2,Thursday,Unknown,Male,High school,Unknown,5-10yr,Auto,Governmental,Two way,Tangent road with flat terrain,No junction,Asphalt,Dry,Daylight,Normal,Collision with roadside objects,3,Going straight,Not a Pedestrian,Changing lane,Serious Injury
2,Thursday,18-30,Male,High school,Employee,5-10yr,Auto,Owner,Unknown,Tangent road with flat terrain,No junction,Asphalt,Wet or damp,Darkness - lights lit,Normal,Vehicle with vehicle collision,1,Moving Backward,Not a Pedestrian,No priority to vehicle,Serious Injury
1,Friday,18-30,Male,Elementary school,Employee,Above 10yr,Dry 2,Owner,Unknown,Tangent road with flat terrain,No junction,Asphalt,Dry,Darkness - lights lit,Normal,Collision with pedestrians,1,Unknown,Not a Pedestrian,Changing lane,Slight Injury
3,Friday,31-50,Male,High school,Employee,5-10yr,Public (> 45 seats),Owner,Unknown,Tangent road with flat terrain,Y Shape,Asphalt,Dry,Daylight,Normal,Collision with roadside objects,2,Going straight,Not a Pedestrian,No distancing,Slight Injury
1,Saturday,Unknown,Male,Unknown,Unknown,Unknown,Public (> 45 seats),Owner,Two-way (divided with broken lines road marking),Tangent road with flat terrain,Y Shape,Asphalt,Dry,Darkness - lights lit,Normal,Vehicle with vehicle collision,2,Unknown,Not a Pedestrian,Changing lane,Serious Injury
1,Saturday,18-30,Male,High school,Employee,Above 10yr,Dry 2,Owner,Unknown,Tangent road with flat terrain,Y Shape,Asphalt,Wet or damp,Darkness - lights lit,Unknown,Vehicle with vehicle collision,2,Going straight,Not a Pedestrian,Changing lane,Slight Injury
2,Wednesday,Over 51,Male,High school,Owner,1-5 yr,Dry 2,Owner,Two way,Tangent road with flat terrain,No junction,Asphalt,Wet or damp,Darkness - lights lit,Unknown,Vehicle with vehicle collision,2,Going straight,Not a Pedestrian,No priority to vehicle,Slight Injury
2,Wednesday,31-50,Male,High school,Employee,1-5 yr,Dry 2,Owner,Two-way (divided with broken lines road marking),Tangent road with flat terrain,No junction,Asphalt,Wet or damp,Darkness - lights lit,Unknown,Vehicle with vehicle collision,2,Going straight,Not a Pedestrian,Changing lane,Slight Injury
0,Wednesday,Unknown,Male,High school,Employee,1-5 yr,Public 1,Owner,Two-way (divided with broken lines road marking),Tangent road with flat terrain,No junction,Asphalt,Wet or damp,Darkness - lights lit,Unknown,Rollover,2,Going straight,Not a Pedestrian,No priority to vehicle,Slight Injury
0,Wednesday,31-50,Male,High school,Owner,1-5 yr,Public 1,Owner,Two-way (divided with broken lines road marking),Tangent road with flat terrain,No junction,Asphalt,Dry,Daylight,Normal,Collision with roadside objects,2,Going straight,Pedestrian,Moving Backward,Serious Injury
2,Tuesday,18-30,Male,Unknown,Unknown,Unknown,Auto,Owner,Unknown,Tangent road with flat terrain,Crossing,Asphalt,Dry,Daylight,Normal,Vehicle with vehicle collision,2,Going straight,Not a Pedestrian,Turnover,Serious Injury
2,Saturday,31-50,Male,Elementary school,Owner,1-5 yr,Dry 2,Governmental,Two way,Tangent road with flat terrain,Crossing,Asphalt,Wet or damp,Daylight,Raining,Vehicle with vehicle collision,1,Going straight,Not a Pedestrian,No distancing,Slight Injury
2,Saturday,18-30,Male,High school,Employee,1-5 yr,Auto,Owner,Two-way (divided with broken lines road marking),Tangent road with flat terrain,Y Shape,Asphalt,Wet or damp,Daylight,Normal,Collision with roadside objects,1,Going straight,Not a Pedestrian,No distancing,Serious Injury
2,Friday,18-30,Male,High school,Employee,Below 1yr,Auto,Governmental,Two-way (divided with broken lines road marking),Tangent road with flat terrain,Y Shape,Asphalt,Wet or damp,Darkness - lights unlit,Normal,Vehicle with vehicle collision,2,Going straight,Not a Pedestrian,Changing lane,Slight Injury
2,Friday,Over 51,Male,High school,Employee,1-5 yr,Public (13?45 seats),Owner,Two-way (divided with broken lines road marking),Tangent road with flat terrain,No junction,Asphalt,Wet or damp,Daylight,Unknown,Vehicle with vehicle collision,2,Going straight,Not a Pedestrian,No priority to vehicle,Slight Injury
2,Friday,31-50,Male,High school,Employee,Above 10yr,Auto,Owner,Two way,Tangent road with flat terrain,No junction,Asphalt,Wet or damp,Daylight,Unknown,Vehicle with vehicle collision,2,Going straight,Not a Pedestrian,Overtaking,Slight Injury
2,Friday,31-50,Male,Elementary school,Employee,1-5 yr,Unknown,Owner,Two-way (divided with broken lines road marking),Tangent road with flat terrain,Y Shape,Asphalt,Wet or damp,Darkness - lights lit,Unknown,Vehicle with vehicle collision,1,Going straight,Not a Pedestrian,Unknown,Slight Injury
1,Saturday,Under 18,Male,High school,Employee,1-5 yr,Auto,Governmental,Two way,Tangent road with flat terrain,Y Shape,Asphalt,Wet or damp,Darkness - lights lit,Windy,Vehicle with vehicle collision,2,Going straight,Not a Pedestrian,No priority to pedestrian,Slight Injury
1,Friday,18-30,Male,High school,Employee,1-5 yr,Public 1,Owner,Two way,Tangent road with flat terrain,Y Shape,Asphalt,Wet or damp,Darkness - lights lit,Raining,Vehicle with vehicle collision,2,Moving Backward,Not a Pedestrian,No distancing,Serious Injury
1,Friday,18-30,Male,High school,Employee,1-5 yr,Unknown,Owner,Two-way (divided with broken lines road marking),Tangent road with flat terrain,No junction,Asphalt,Dry,Daylight,Unknown,Vehicle with vehicle collision,2,Going straight,Not a Pedestrian,Changing lane,Slight Injury
2,Saturday,18-30,Male,High school,Employee,1-5 yr,Auto,Owner,Two-way (divided with broken lines road marking),Tangent road with flat terrain,Crossing,Asphalt,Dry,Daylight,Unknown,Vehicle with vehicle collision,2,Moving Backward,Not a Pedestrian,Unknown,Slight Injury
1,Sunday,18-30,Male,High school,Employee,Above 10yr,Public (> 45 seats),Owner,Two way,Tangent road with flat terrain,Y Shape,Asphalt,Wet or damp,Darkness - lights lit,Unknown,Vehicle with vehicle collision,1,Moving Backward,Not a Pedestrian,Moving Backward,Serious Injury
1,Sunday,31-50,Male,Elementary school,Employee,5-10yr,Unknown,Owner,Two-way (divided with broken lines road marking),Tangent road with flat terrain,Y Shape,Asphalt,Dry,Daylight,Normal,Vehicle with vehicle collision,2,Going straight,Not a Pedestrian,No distancing,Slight Injury
1,Sunday,31-50,Female,Unknown,Employee,Unknown,Dry 2,Owner,Two-way (divided with broken lines road marking),Tangent road with flat terrain,No junction,Asphalt,Dry,Daylight,Normal,Vehicle with vehicle collision,2,Going straight,Not a Pedestrian,Changing lane,Slight Injury
1,Sunday,18-30,Male,Unknown,Employee,1-5 yr,Auto,Owner,Two way,Tangent road with flat terrain,No junction,Asphalt,Dry,Daylight,Normal,Vehicle with vehicle collision,2,Going straight,Not a Pedestrian,Changing lane,Slight Injury
1,Sunday,18-30,Male,Elementary school,Employee,5-10yr,Public (> 45 seats),Owner,Unknown,Tangent road with mountainous terrain and,No junction,Asphalt,Dry,Daylight,Normal,Collision with roadside objects,2,Unknown,Not a Pedestrian,No priority to pedestrian,Slight Injury
2,Saturday,31-50,Male,High school,Employee,Above 10yr,Auto,Unknown,Two-way (divided with broken lines road marking),Tangent road with flat terrain,Crossing,Asphalt,Dry,Daylight,Normal,Collision with roadside objects,2,Going straight,Not a Pedestrian,Driving carelessly,Slight Injury
2,Saturday,31-50,Male,High school,Employee,5-10yr,Dry 1,Owner,Two-way (divided with broken lines road marking),Sharp reverse curve,Crossing,Asphalt,Dry,Daylight,Normal,Vehicle with vehicle collision,2,Reversing,Not a Pedestrian,Driving carelessly,Slight Injury
2,Saturday,Under 18,Male,High school,Employee,Above 10yr,Public 1,Owner,Unknown,Tangent road with flat terrain,Y Shape,Asphalt,Wet or damp,Darkness - lights lit,Raining,Vehicle with vehicle collision,2,Going straight,Not a Pedestrian,No priority to pedestrian,Slight Injury
2,Saturday,Under 18,Male,Elementary school,Employee,Below 1yr,Dry 2,Owner,Two way,Tangent road with flat terrain,Y Shape,Asphalt,Wet or damp,Darkness - lights lit,Raining,Unknown,2,Going straight,Not a Pedestrian,Getting off the vehicle improperly,Slight Injury
1,Friday,Under 18,Male,Elementary school,Employee,5-10yr,Dry 2,Owner,Unknown,Tangent road with flat terrain,Y Shape,Asphalt,Dry,Daylight,Normal,Collision with pedestrians,2,Going straight,Not a Pedestrian,No distancing,Slight Injury
1,Monday,Over 51,Male,Elementary school,Employee,5-10yr,Public (13?45 seats),Owner,Two-way (divided with broken lines road marking),Tangent road with flat terrain,O Shape,Asphalt,Dry,Daylight,Normal,Vehicle with vehicle collision,2,Moving Backward,Pedestrian,No priority to vehicle,Slight Injury
1,Monday,31-50,Male,Elementary school,Employee,5-10yr,Dry 2,Owner,Two-way (divided with broken lines road marking),Tangent road with mild grade and flat terrain,Y Shape,Asphalt,Dry,Daylight,Normal,Vehicle with vehicle collision,1,Going straight,Not a Pedestrian,No distancing,Slight Injury
1,Monday,31-50,Male,Elementary school,Employee,1-5 yr,Dry 2,Owner,Two-way (divided with broken lines road marking),Tangent road with flat terrain,Y Shape,Asphalt,Dry,Daylight,Normal,Collision with pedestrians,1,Going straight,Not a Pedestrian,No priority to pedestrian,Slight Injury
1,Tuesday,18-30,Male,Elementary school,Employee,5-10yr,Motorcycle,Owner,Two-way (divided with broken lines road marking),Sharp reverse curve,Y Shape,Asphalt,Dry,Daylight,Normal,Collision with roadside objects,3,Going straight,Not a Pedestrian,No priority to pedestrian,Slight Injury
1,Tuesday,18-30,Male,Unknown,Unknown,5-10yr,Dry 2,Owner,Two way,Sharp reverse curve,Y Shape,Asphalt,Dry,Daylight,Normal,Unknown,3,Going straight,Not a Pedestrian,No priority to vehicle,Slight Injury